Section,Field_AR,Field_EN,Value,Status,Classification,Notes
"معلومات مقدم الطلب - بيانات ممثل الجهة","اسم ممثل الجهة","Representative Name","هتون العليمي","","",""
"معلومات مقدم الطلب - بيانات ممثل الجهة","المسمى الوظيفي","Job Title","مدير إدارة الأداء المؤسسي","","",""
"معلومات مقدم الطلب - بيانات ممثل الجهة","رقم التواصل","Contact Number","0551234567","","",""
"معلومات مقدم الطلب - بيانات ممثل الجهة","البريد الإلكتروني","Email","h.alaimi@vision2030.gov.sa","","",""
"معلومات مقدم الطلب - بيانات ممثل الجهة","اسم الجهة","Entity Name","مكتب الإدارة الاستراتيجية - مجلس الشؤون الاقتصادية والتنمية","","",""
"تفاصيل طلب البيانات","الغرض من طلب البيانات","Purpose of Data Request","التكامل بين منصة ادارة الرؤية الرقمية VDP و مركز اداء","","",""
"تفاصيل طلب البيانات","مسوغ الطلب","Request Justification","لتبادل البيانات والتحديثات التي تتم على المؤشرات والمنجزات","","",""
"تفاصيل طلب البيانات","مكان تخزين البيانات","Data Storage Location","قاعدة بيانات منصة ادارة الرؤية الرقمية VDP","","",""
"تفاصيل طلب البيانات","المدة الزمنية للاحتفاظ بالبيانات","Data Retention Period","دائم","","",""
"تفاصيل طلب البيانات","فترة مشاركة البيانات","Data Sharing Period","طلب دوري (يومي، أسبوعي، شهري، سنوي)","","",""
"تفاصيل طلب البيانات","صيغة البيانات أو طريقة الربط","Data Format/Integration Method","ربط آلى من خلال التكامل عبر GSN Restfull APIs Json Format","","",""
"تفاصيل طلب البيانات","الإدارة المسموح لها بالوصول","Authorized Department","ادارة العمليات والتشغيل والمتابعة","","",""
"تفاصيل طلب البيانات","ملاحظات","Notes","البيانات المطلوبة لدعم منصة SMO في تتبع أداء رؤية 2030 وتوفير لوحات متابعة شاملة للبرامج والمبادرات","","",""
"ADAA KPIs","KPI_ID","KPI_ID","","متوفر","عام","معرّف المؤشر الأساسي"
"ADAA KPIs","CODE","CODE","","متوفر","عام","كود المؤشر (NCW.O1.K2)"
"ADAA KPIs","NAME_AR","NAME_AR","","متوفر","عام","اسم المؤشر بالعربية"
"ADAA KPIs","NAME_EN","NAME_EN","","متوفر","عام","اسم المؤشر بالإنجليزية"
"ADAA KPIs","FORMULAAR","FORMULAAR","","متوفر","عام","صيغة المؤشر بالعربية"
"ADAA KPIs","FORMULAEN","FORMULAEN","","متوفر","عام","صيغة المؤشر بالإنجليزية"
"ADAA KPIs","FREQUENCY","FREQUENCY","","متوفر","عام","التكرار (365 يوم سنوي)"
"ADAA KPIs","BASELINEVALUE","BASELINEVALUE","","متوفر","عام","قيمة خط الأساس"
"ADAA KPIs","BASELINEYEAR","BASELINEYEAR","","متوفر","عام","سنة خط الأساس"
"ADAA KPIs","MEASUREMENTUNITTYPE","MEASUREMENTUNITTYPE","","متوفر","عام","نوع الوحدة (نسبة/رقم/عملة)"
"ADAA KPIs","WEIGHT","WEIGHT","","متوفر","داخلي","الوزن (ثابت 1 غالباً)"
"ADAA KPIs","DATASOURCEAR","DATASOURCEAR","","متوفر","عام","مصدر البيانات بالعربية"
"ADAA KPIs","DATASOURCEEN","DATASOURCEEN","","متوفر","عام","مصدر البيانات بالإنجليزية"
"ADAA KPIs","NOTES","NOTES","","متوفر","عام","ملاحظات"
"ADAA KPIs","ADAA_COMMENTS","ADAA_COMMENTS","","متوفر","داخلي","تعليقات أداء"
"ADAA KPIs","ENTITYID","ENTITYID","","متوفر","عام","معرف الجهة"
"ADAA KPIs","BASELINEDATAAVAILABLEDATE","BASELINEDATAAVAILABLEDATE","","متوفر","عام","تاريخ توفر خط الأساس"
"ADAA KPIs","NOTES_AR","NOTES_AR","","متوفر","عام","ملاحظات بالعربية"
"ADAA KPIs","ADAA_COMMENTS_AR","ADAA_COMMENTS_AR","","متوفر","داخلي","تعليقات أداء بالعربية"
"ADAA KPIs","ISNUMERIC","ISNUMERIC","","متوفر","عام","علم رقمي (0/1)"
"ADAA KPIs","DESCRIPTION_EN","DESCRIPTION_EN","","متوفر","عام","الوصف بالإنجليزية"
"ADAA KPIs","DESCRIPTION_AR","DESCRIPTION_AR","","متوفر","عام","الوصف بالعربية"
"ADAA KPIs","CUSTOMFREQUENCYEN","CUSTOMFREQUENCYEN","","متوفر","عام","التكرار المخصص انجليزي"
"ADAA KPIs","CUSTOMFREQUENCYAR","CUSTOMFREQUENCYAR","","متوفر","عام","التكرار المخصص عربي"
"ADAA KPIs","KPIID","KPIID","","متوفر","عام","معرف المؤشر (مكرر)"
"ADAA KPIs","BANDINGID","BANDINGID","","متوفر","عام","نطاق التقييم (1 أو 2)"
"ADAA KPIs","OBJECTIVEID","OBJECTIVEID","","متوفر","عام","معرف الهدف"
"ADAA KPIs","Is Numeric","Is Numeric","","متوفر","عام","رقمي (مكرر مع ISNUMERIC)"
"ADAA KPIs","Is Measure","Is Measure","","متوفر","عام","علم المقياس (ثابت 0)"
"ADAA KPIs","OWNER","OWNER","","متوفر","عام","المالك"
"ADAA KPIs","IsPriority","IsPriority","","متوفر","عام","أولوية"
"ADAA KPIs","FEATURED","FEATURED","","متوفر","عام","مميّز"
"ADAA KPIs","Is Baseline Compliant","Is Baseline Compliant","","متوفر","داخلي","امتثال خط الأساس"
"ADAA KPIs","Is KPI Formula Compliant","Is KPI Formula Compliant","","متوفر","داخلي","امتثال الصيغة"
"ADAA KPIs","Is KPI DataSource Compliant","Is KPI DataSource Compliant","","متوفر","داخلي","امتثال مصدر البيانات"
"ADAA KPIs","Is KPIs Compliant","Is KPIs Compliant","","متوفر","داخلي","امتثال عام للمؤشرات"
"ADAA KPIs","Is Regional Benchmarks Compliant","Is Regional Benchmarks Compliant","","متوفر","داخلي","امتثال المعايير الإقليمية"
"ADAA KPIs","Is International Benchmarks Compliant","Is International Benchmarks Compliant","","متوفر","داخلي","امتثال المعايير الدولية"
"ADAA KPIs","Is KPI Unit Compliant","Is KPI Unit Compliant","","متوفر","داخلي","امتثال الوحدة (ثابت 1)"
"ADAA KPIs","Is KPI Description Compliant","Is KPI Description Compliant","","متوفر","داخلي","امتثال الوصف"
"ADAA KPIs","Is KPI Targets Compliant","Is KPI Targets Compliant","","متوفر","داخلي","امتثال الأهداف (ثابت 1)"
"ADAA KPIs","Start Date","Start Date","","متوفر","عام","تاريخ البداية"
"ADAA KPIs","End Date","End Date","","متوفر","عام","تاريخ النهاية"
"ADAA KPIs","PROGRAMCODE","PROGRAMCODE","","متوفر","عام","كود البرنامج"
"ADAA KPIs","PROGRAMNAMEAR","PROGRAMNAMEAR","","متوفر","عام","اسم البرنامج بالعربية"
"ADAA KPIs","PROGRAMNAMEEN","PROGRAMNAMEEN","","متوفر","عام","اسم البرنامج بالإنجليزية"
"ADAA KPIs","L3_OBJV_CD","L3_OBJV_CD","","متوفر","عام","كود الهدف المستوى 3"
"ADAA KPIs","L3_OBJV_NAME_AR","L3_OBJV_NAME_AR","","متوفر","عام","اسم الهدف المستوى 3"
"ADAA KPIs","POLARITY","POLARITY","","متوفر","عام","قطبية الأداء (+/-/||)"
"ADAA KPIs","INTERNATIONALCOUNTRYAR","INTERNATIONALCOUNTRYAR","","متوفر","عام","الدولة المرجعية الدولية"
"ADAA KPIs","INTERNATIONALCOUNTRYEN","INTERNATIONALCOUNTRYEN","","متوفر","عام","الدولة المرجعية بالإنجليزية"
"ADAA KPIs","INTERNATIONALSOURCEAR","INTERNATIONALSOURCEAR","","متوفر","عام","المصدر الدولي بالعربية"
"ADAA KPIs","INTERNATIONALSOURCEEN","INTERNATIONALSOURCEEN","","متوفر","عام","المصدر الدولي بالإنجليزية"
"ADAA KPIs","INTERNATIONALYEAR","INTERNATIONALYEAR","","متوفر","عام","سنة المقارنة الدولية"
"ADAA KPIs","INTERNATIONALVALUE","INTERNATIONALVALUE","","متوفر","عام","قيمة المقارنة الدولية"
"ADAA KPIs","REGIONALCOUNTRYAR","REGIONALCOUNTRYAR","","متوفر","عام","الدولة الإقليمية بالعربية"
"ADAA KPIs","REGIONALCOUNTRYEN","REGIONALCOUNTRYEN","","متوفر","عام","الدولة الإقليمية بالإنجليزية"
"ADAA KPIs","REGIONALSOURCEAR","REGIONALSOURCEAR","","متوفر","عام","المصدر الإقليمي بالعربية"
"ADAA KPIs","REGIONALSOURCEEN","REGIONALSOURCEEN","","متوفر","عام","المصدر الإقليمي بالإنجليزية"
"ADAA KPIs","REGIONALYEAR","REGIONALYEAR","","متوفر","عام","سنة المقارنة الإقليمية"
"ADAA KPIs","REGIONALVALUE","REGIONALVALUE","","متوفر","عام","قيمة المقارنة الإقليمية"
"ADAA KPIs","STRG_NAME_AR","STRG_NAME_AR","","متوفر","عام","اسم الاستراتيجية (رؤية 2030)"
"ADAA KPIs","ALIGNMENT_TYPE","ALIGNMENT_TYPE","","متوفر","عام","نوع الارتباط (Primary)"
"ADAA KPIs","REPORTING_PERIOD","REPORTING_PERIOD","","متوفر","عام","فترة التقرير (Q1-Q4)"
"ADAA KPIs","REPORTINGYEAR","REPORTINGYEAR","","متوفر","عام","سنة التقرير"
"ADAA KPIs","PRSTATUS","PRSTATUS","","متوفر","داخلي","حالة التقرير (Green/Amber/Red)"
"ADAA KPIs","ISACTUALDATAPOINT","ISACTUALDATAPOINT","","متوفر","عام","نقطة بيانات فعلية (ثابت 1)"
"ADAA KPIs","TREND","TREND","","متوفر","عام","الاتجاه (up/down/no changes)"
"ADAA KPIs","TARGET2020","TARGET2020","","متوفر","عام","هدف 2020"
"ADAA KPIs","ACTUAL","ACTUAL","","متوفر","داخلي","القيمة الفعلية"
"ADAA KPIs","TARGET","TARGET","","متوفر","داخلي","القيمة المستهدفة"
"ADAA KPIs","REPORTING_PERIOD_EN","REPORTING_PERIOD_EN","","متوفر","عام","الفترة بالإنجليزية"
"ADAA KPIs","REPORTING_PERIOD_AR","REPORTING_PERIOD_AR","","متوفر","عام","الفترة بالعربية"
"ADAA KPIs","FORMATTEDACTUALAR","FORMATTEDACTUALAR","","متوفر","عام","الفعلي منسق بالعربية"
"ADAA KPIs","FORMATTEDTARGETEN","FORMATTEDTARGETEN","","متوفر","عام","الهدف منسق بالإنجليزية"
"ADAA KPIs","FORMATTEDTARGETAR","FORMATTEDTARGETAR","","متوفر","عام","الهدف منسق بالعربية"
"ADAA KPIs","FORMATTEDACTUALEN","FORMATTEDACTUALEN","","متوفر","عام","الفعلي منسق بالإنجليزية"
"ADAA KPIs","PERIOD","PERIOD","","متوفر","عام","نوع الفترة (YEAR/QUARTER/MONTH)"
"ADAA KPIs","PERIODYEAR","PERIODYEAR","","متوفر","عام","سنة الفترة"
"ADAA KPIs","BASICSCORE","BASICSCORE","","متوفر","داخلي","الدرجة الأساسية"
"ADAA KPIs","SCORE","SCORE","","متوفر","داخلي","الدرجة"
"ADAA KPIs","رمز الهدف التابع للمستوى الأول","L1 Objective Code","","متوفر","عام","كود هدف L1"
"ADAA KPIs","اسم الهدف التابع للمستوى الأول","L1 Objective Name","","متوفر","عام","اسم هدف L1 بالعربية"
"ADAA KPIs","رمز الهدف التابع للمستوى الثاني","L2 Objective Code","","متوفر","عام","كود هدف L2"
"ADAA KPIs","اسم الهدف التابع للمستوى الثاني","L2 Objective Name","","متوفر","عام","اسم هدف L2 بالعربية"
"ADAA KPIs","رمز الهدف التابع للمستوى الرابع","L4 Objective Code","","متوفر","عام","كود هدف L4"
"ADAA KPIs","اسم الهدف المستوى الرابع","L4 Objective Name","","متوفر","عام","اسم هدف L4 بالعربية"
"ADAA KPIs","reason_late","reason_late","","متوفر","داخلي","سبب التأخر (na)"
"ADAA KPIs","DOCUMENTVALIDATED","DOCUMENTVALIDATED","","متوفر","داخلي","توثيق (0.1 أو 1.0)"
"ADAA KPIs","KPI_CARD_UPDATED_STATUS","KPI_CARD_UPDATED_STATUS","","متوفر","داخلي","حالة بطاقة KPI (na)"
"ADAA KPIs","CARD_UPDATED_STATUS_DETAILS","CARD_UPDATED_STATUS_DETAILS","","متوفر","داخلي","تفاصيل حالة البطاقة (na)"
"ADAA KPIs","pre_status","pre_status","","متوفر","داخلي","الحالة السابقة (Gray/Green)"
"ADAA KPIs","gastat","gastat","","متوفر","عام","جهاز الإحصاء (0)"
"ADAA KPIs","challenge_classification","challenge_classification","","متوفر","داخلي","تصنيف التحدي"
"ADAA KPIs","period_key","period_key","","متوفر","عام","مفتاح الفترة المشتق"
"ADAA KPIs","variance","variance","","متوفر","داخلي","الانحراف (ACTUAL-TARGET)"
"ADAA KPIs","variance_pct","variance_pct","","متوفر","داخلي","نسبة الانحراف %"
"ADAA KPIs","status_normalized","status_normalized","","متوفر","داخلي","الحالة المطبّعة"
"ADAA KPIs","source_filename/sheet/extracted_at/job_id","source_filename/sheet/extracted_at/job_id","","متوفر","عام","حقول التتبع والـ Lineage"
"ADAA Initiatives","INIV_CODE","INIV_CODE","","متوفر","عام","كود المبادرة (المفتاح الرئيسي)"
"ADAA Initiatives","ENTITY_CODE","ENTITY_CODE","","متوفر","عام","كود الجهة المنفذة"
"ADAA Initiatives","ENTITY_NAMEAR","ENTITY_NAMEAR","","متوفر","عام","اسم الجهة بالعربية"
"ADAA Initiatives","ENTITY_NAMEEN","ENTITY_NAMEEN","","متوفر","عام","اسم الجهة بالإنجليزية"
"ADAA Initiatives","INITIATIVE_NAME_AR","INITIATIVE_NAME_AR","","متوفر","عام","اسم المبادرة بالعربية"
"ADAA Initiatives","INITIATIVE_NAME_EN","INITIATIVE_NAME_EN","","متوفر","عام","اسم المبادرة بالإنجليزية"
"ADAA Initiatives","ACTUAL_PROGRESS","ACTUAL_PROGRESS","","متوفر","داخلي","نسبة التقدم الفعلي %"
"ADAA Initiatives","PLANNED_PROGRESS","PLANNED_PROGRESS","","متوفر","داخلي","نسبة التقدم المخطط %"
"ADAA Initiatives","EPM_STATUS","EPM_STATUS","","متوفر","داخلي","حالة نظام EPM"
"ADAA Initiatives","ISSTARTED","ISSTARTED","","متوفر","عام","بدأت؟ (true/false)"
"ADAA Initiatives","IS_VERIFIED","IS_VERIFIED","","متوفر","داخلي","مُتحقق؟ (true/false)"
"ADAA Initiatives","BUDGET_1000SAR","BUDGET_1000SAR","","متوفر","سري","الميزانية بالألف ريال"
"ADAA Initiatives","OBJECTIVE_CODE","OBJECTIVE_CODE","","متوفر","عام","كود الهدف"
"ADAA Initiatives","OBJECTIVE_NAMEAR","OBJECTIVE_NAMEAR","","متوفر","عام","اسم الهدف بالعربية"
"ADAA Initiatives","OBJECTIVE_NAMEEN","OBJECTIVE_NAMEEN","","متوفر","عام","اسم الهدف بالإنجليزية"
"ADAA Initiatives","INIV_DESCRIPTIONAR","INIV_DESCRIPTIONAR","","متوفر","عام","وصف المبادرة بالعربية"
"ADAA Initiatives","INIV_DESCRIPTIONEN","INIV_DESCRIPTIONEN","","متوفر","عام","وصف المبادرة بالإنجليزية"
"ADAA Initiatives","STATUS_DATE","STATUS_DATE","","متوفر","عام","تاريخ الحالة"
"ADAA Initiatives","PLANNED_STARTDATE","PLANNED_STARTDATE","","متوفر","عام","تاريخ البداية المخططة"
"ADAA Initiatives","PLANNED_FINISHDATE","PLANNED_FINISHDATE","","متوفر","عام","تاريخ النهاية المخططة"
"ADAA Initiatives","ACTUAL_STARTDATE","ACTUAL_STARTDATE","","متوفر","داخلي","تاريخ البداية الفعلية"
"ADAA Initiatives","ACTUAL_FINISHDATE","ACTUAL_FINISHDATE","","متوفر","داخلي","تاريخ النهاية الفعلية"
"ADAA Initiatives","ISONHOLD","ISONHOLD","","متوفر","داخلي","معلّقة؟ (true/false)"
"ADAA Initiatives","REPORTING_PERIOD","REPORTING_PERIOD","","متوفر","عام","فترة التقرير (Q1-Q4/شهري)"
"ADAA Initiatives","REPORTINGYEAR","REPORTINGYEAR","","متوفر","عام","سنة التقرير"
"ADAA Initiatives","PROGRAMCODE","PROGRAMCODE","","متوفر","عام","كود البرنامج"
"ADAA Initiatives","PROGRAMNAMEAR","PROGRAMNAMEAR","","متوفر","عام","اسم البرنامج بالعربية"
"ADAA Initiatives","PROGRAMNAMEEN","PROGRAMNAMEEN","","متوفر","عام","اسم البرنامج بالإنجليزية"
"ADAA Initiatives","L3_OBJV_CD","L3_OBJV_CD","","متوفر","عام","كود الهدف المستوى 3"
"ADAA Initiatives","L3_OBJV_NAME_AR","L3_OBJV_NAME_AR","","متوفر","عام","اسم الهدف المستوى 3"
"ADAA Initiatives","UIC","UIC","","متوفر","عام","معرف فريد للمبادرة"
"ADAA Initiatives","IS_IMPERATIVE_FLG","IS_IMPERATIVE_FLG","","متوفر","عام","حتمية؟ (true/false)"
"ADAA Initiatives","HAS_CARD","HAS_CARD","","متوفر","عام","لها بطاقة؟ (true/false)"
"ADAA Initiatives","FUNDING_STATUS","FUNDING_STATUS","","متوفر","سري","حالة التمويل"
"ADAA Initiatives","INIT_OWNER_NAME_AR","INIT_OWNER_NAME_AR","","متوفر","عام","اسم مالك المبادرة"
"ADAA Initiatives","INIT_OWNER_POSITION_AR","INIT_OWNER_POSITION_AR","","متوفر","عام","مسمى مالك المبادرة"
"ADAA Initiatives","IS_RUH","IS_RUH","","متوفر","عام","منطقة الرياض"
"ADAA Initiatives","IS_MKH","IS_MKH","","متوفر","عام","منطقة مكة المكرمة"
"ADAA Initiatives","IS_MDN","IS_MDN","","متوفر","عام","منطقة المدينة المنورة"
"ADAA Initiatives","IS_QSM","IS_QSM","","متوفر","عام","منطقة القصيم"
"ADAA Initiatives","IS_EAP","IS_EAP","","متوفر","عام","المنطقة الشرقية"
"ADAA Initiatives","IS_TBK","IS_TBK","","متوفر","عام","منطقة تبوك"
"ADAA Initiatives","IS_ASR","IS_ASR","","متوفر","عام","منطقة عسير"
"ADAA Initiatives","IS_JAZ","IS_JAZ","","متوفر","عام","منطقة جازان"
"ADAA Initiatives","IS_NJN","IS_NJN","","متوفر","عام","منطقة نجران"
"ADAA Initiatives","IS_HAL","IS_HAL","","متوفر","عام","منطقة حائل"
"ADAA Initiatives","IS_NBR","IS_NBR","","متوفر","عام","منطقة الحدود الشمالية"
"ADAA Initiatives","IS_JWF","IS_JWF","","متوفر","عام","منطقة الجوف"
"ADAA Initiatives","IS_TUU","IS_TUU","","متوفر","عام","منطقة الباحة"
"ADAA Initiatives","STRG_NAME_AR","STRG_NAME_AR","","متوفر","عام","اسم الاستراتيجية بالعربية"
"ADAA Initiatives","ALIGNMENT_TYPE","ALIGNMENT_TYPE","","متوفر","عام","نوع الارتباط"
"ADAA Initiatives","period_key","period_key","","متوفر","عام","مفتاح الفترة المشتق"
"ADAA Initiatives","schedule_variance_pct","schedule_variance_pct","","متوفر","داخلي","انحراف الجدول %"
"ADAA Initiatives","duration_planned_days","duration_planned_days","","متوفر","داخلي","المدة المخططة بالأيام"
"ADAA Initiatives","duration_actual_days","duration_actual_days","","متوفر","داخلي","المدة الفعلية بالأيام"
"ADAA Initiatives","geo_coverage_count","geo_coverage_count","","متوفر","داخلي","عدد المناطق المغطاة"
"ADAA Initiatives","source_filename/sheet/extracted_at/job_id","source_filename/sheet/extracted_at/job_id","","متوفر","عام","حقول التتبع والـ Lineage"
"ADAA Outputs","Output ID","Output ID","","متوفر","عام","معرف المخرج"
"ADAA Outputs","Output Name","Output Name","","متوفر","عام","اسم المخرج بالإنجليزية"
"ADAA Outputs","Output Name(Ar)","Output Name(Ar)","","متوفر","عام","اسم المخرج بالعربية"
"ADAA Outputs","Parent ID","Parent ID","","متوفر","عام","يربط بكود المبادرة INIV_CODE"
"ADAA Outputs","Output Description","Output Description","","متوفر","عام","وصف المخرج بالإنجليزية"
"ADAA Outputs","Output Description(Ar)","Output Description(Ar)","","متوفر","عام","وصف المخرج بالعربية"
"ADAA Outputs","Start Date","Start Date","","متوفر","عام","تاريخ البداية"
"ADAA Outputs","End Date","End Date","","متوفر","عام","تاريخ النهاية"
"ADAA Outputs","Actual Start Date","Actual Start Date","","متوفر","داخلي","تاريخ البداية الفعلية"
"ADAA Outputs","Actual End Date","Actual End Date","","متوفر","داخلي","تاريخ النهاية الفعلية"
"ADAA Outputs","Supporting Documents Names","Supporting Documents Names","","متوفر","عام","أسماء الوثائق الداعمة"
"ADAA Outputs","MEASURE","MEASURE","","متوفر","عام","تعريف القياس"
"ADAA Outputs","PROBABILITY","PROBABILITY","","متوفر","داخلي","احتمال النجاح (0-1)"
"ADAA Outputs","WEIGHT","WEIGHT","","متوفر","داخلي","وزن المخرج (0-100%)"
"ADAA Outputs","FIXED_OP_ID","FIXED_OP_ID","","متوفر","عام","معرف ثابت إضافي"
"ADAA Outputs","Measure Target","Measure Target","","متوفر","داخلي","الهدف الكمي"
"ADAA Outputs","OUTPUT_WEIGHT_BUDGET","OUTPUT_WEIGHT_BUDGET","","متوفر","سري","وزن من الميزانية %"
"ADAA Outputs","OUTPUT_CLASSIFICATION_DESC_AR","OUTPUT_CLASSIFICATION_DESC_AR","","متوفر","عام","تصنيف المخرج (استراتيجيات/لوائح)"
"ADAA Outputs","MEASURE_OUTPUT_SUCCESS","MEASURE_OUTPUT_SUCCESS","","متوفر","داخلي","نجاح القياس"
"ADAA Outputs","STRG_NAME_AR","STRG_NAME_AR","","متوفر","عام","اسم الاستراتيجية بالعربية"
"ADAA Outputs","ALIGNMENT_TYPE","ALIGNMENT_TYPE","","متوفر","عام","نوع الارتباط"
"ADAA Outputs","output_progress_pct","output_progress_pct","","متوفر","داخلي","تقدم المخرج %"
"ADAA Outputs","schedule_variance_days","schedule_variance_days","","متوفر","داخلي","انحراف الجدول بالأيام"
"ADAA Outputs","weighted_contribution","weighted_contribution","","متوفر","داخلي","المساهمة الموزونة"
"ADAA Outputs","source_filename/sheet/extracted_at/job_id","source_filename/sheet/extracted_at/job_id","","متوفر","عام","حقول التتبع والـ Lineage"
"ADAA Milestones","Milestone ID","Milestone ID","","متوفر","عام","معرف المعلم"
"ADAA Milestones","Milestone Name","Milestone Name","","متوفر","عام","اسم المعلم بالإنجليزية"
"ADAA Milestones","Milestone Name(Ar)","Milestone Name(Ar)","","متوفر","عام","اسم المعلم بالعربية"
"ADAA Milestones","Milestone Description","Milestone Description","","متوفر","عام","وصف المعلم بالإنجليزية"
"ADAA Milestones","Milestone Description(Ar)","Milestone Description(Ar)","","متوفر","عام","وصف المعلم بالعربية"
"ADAA Milestones","Start Date","Start Date","","متوفر","عام","تاريخ البداية"
"ADAA Milestones","End Date","End Date","","متوفر","عام","تاريخ النهاية"
"ADAA Milestones","Actual Start Date","Actual Start Date","","متوفر","داخلي","تاريخ البداية الفعلية"
"ADAA Milestones","Actual End Date","Actual End Date","","متوفر","داخلي","تاريخ النهاية الفعلية"
"ADAA Milestones","Supporting Documents Names","Supporting Documents Names","","متوفر","عام","أسماء الوثائق الداعمة"
"ADAA Milestones","Equivalent Completion Percentage","Equivalent Completion Percentage","","متوفر","داخلي","نسبة الإنجاز المكافئة"
"ADAA Milestones","WEIGHT","WEIGHT","","متوفر","داخلي","وزن المعلم"
"ADAA Milestones","Initiative ID","Initiative ID","","متوفر","عام","معرف المبادرة (يربط بـ INIV_CODE)"
"ADAA Milestones","STRG_NAME_AR","STRG_NAME_AR","","متوفر","عام","اسم الاستراتيجية بالعربية"
"ADAA Milestones","ALIGNMENT_TYPE","ALIGNMENT_TYPE","","متوفر","عام","نوع الارتباط"
"ADAA Milestones","SNAPSHOT_YR","SNAPSHOT_YR","","متوفر","عام","سنة اللقطة"
"ADAA Milestones","SNAPSHOT_QTR","SNAPSHOT_QTR","","متوفر","عام","ربع اللقطة (Q1-Q4)"
"ADAA Milestones","snapshot_key","snapshot_key","","متوفر","عام","مفتاح اللقطة المشتق"
"ADAA Milestones","weighted_completion","weighted_completion","","متوفر","داخلي","الإنجاز الموزون"
"ADAA Milestones","is_on_time","is_on_time","","متوفر","داخلي","في الموعد؟ (true/false)"
"ADAA Milestones","source_filename/sheet/extracted_at/job_id","source_filename/sheet/extracted_at/job_id","","متوفر","عام","حقول التتبع والـ Lineage"
"PWT/NCGR Financials","Financial_ID","Financial_ID","","متوفر","سري","معرف السجل المالي"
"PWT/NCGR Financials","INIV_CODE","INIV_CODE","","متوفر","عام","رمز المبادرة للربط"
"PWT/NCGR Financials","RIGHT","RIGHT","","متوفر","عام","عمود تقني (Raw-only)"
"PWT/NCGR Financials","Program_Name","Program_Name","","متوفر","عام","اسم البرنامج"
"PWT/NCGR Financials","Owning_Entity","Owning_Entity","","متوفر","عام","الجهة المالكة"
"PWT/NCGR Financials","Initiative_Name_Ar","Initiative_Name_Ar","","متوفر","عام","اسم المبادرة بالعربية"
"PWT/NCGR Financials","Initiative_Desc","Initiative_Desc","","متوفر","عام","وصف المبادرة"
"PWT/NCGR Financials","Linked_Strategy_Goal","Linked_Strategy_Goal","","متوفر","عام","الهدف الاستراتيجي المرتبط"
"PWT/NCGR Financials","Start_Date","Start_Date","","متوفر","عام","تاريخ البداية"
"PWT/NCGR Financials","End_Date","End_Date","","متوفر","عام","تاريخ النهاية"
"PWT/NCGR Financials","Is_Imperative","Is_Imperative","","متوفر","عام","حتمية/غير حتمية"
"PWT/NCGR Financials","VRP_Program","VRP_Program","","متوفر","عام","برامج تحقيق الرؤية"
"PWT/NCGR Financials","Performance_Status","Performance_Status","","متوفر","داخلي","Green/Amber/Red"
"PWT/NCGR Financials","Actual_Progress","Actual_Progress","","متوفر","داخلي","التقدم الفعلي %"
"PWT/NCGR Financials","Planned_Progress","Planned_Progress","","متوفر","داخلي","التقدم المخطط %"
"PWT/NCGR Financials","Financial_Items_Flag","Financial_Items_Flag","","متوفر","سري","يوجد/لايوجد"
"PWT/NCGR Financials","Funding_Status_MTD","Funding_Status_MTD","","متوفر","سري","معتمدة/غير معتمدة/جزئية"
"PWT/NCGR Financials","Funding_Request_Status","Funding_Request_Status","","متوفر","سري","قيد الطلب/مرفوض/مقبول"
"PWT/NCGR Financials","Funding_Request_Cost","Funding_Request_Cost","","متوفر","سري","التكاليف المطلوبة"
"PWT/NCGR Financials","Achieved_Savings","Achieved_Savings","","متوفر","سري","الوفر المحقق"
"PWT/NCGR Financials","Total_Costs","Total_Costs","","متوفر","سري","التكاليف الإجمالية"
"PWT/NCGR Financials","Approved_Costs_MTD","Approved_Costs_MTD","","متوفر","سري","التكاليف المعتمدة الشهرية"
"PWT/NCGR Financials","Approved_Costs_Last_Minutes","Approved_Costs_Last_Minutes","","متوفر","سري","المعتمدة حتى آخر محضر"
"PWT/NCGR Financials","Total_Contracted","Total_Contracted","","متوفر","سري","إجمالي المتعاقد عليه"
"PWT/NCGR Financials","Disbursed_From_Contracts","Disbursed_From_Contracts","","متوفر","سري","المنصرف من العقود (اعتماد)"
"PWT/NCGR Financials","Remaining_Contracts_Not_Disbursed","Remaining_Contracts_Not_Disbursed","","متوفر","سري","المتبقي من العقود"
"PWT/NCGR Financials","Disbursed_Off_Contracts","Disbursed_Off_Contracts","","متوفر","سري","المنصرف خارج العقود"
"PWT/NCGR Financials","Total_Contracted_Incl_Off","Total_Contracted_Incl_Off","","متوفر","سري","شامل خارج العقود"
"PWT/NCGR Financials","Uncontracted_Costs","Uncontracted_Costs","","متوفر","سري","التكاليف غير المتعاقد عليها"
"PWT/NCGR Financials","Total_Disbursement","Total_Disbursement","","متوفر","سري","إجمالي المنصرف"
"PWT/NCGR Financials","Annual_Allocation_2024","Annual_Allocation_2024","","متوفر","سري","اعتمادات العام 2024"
"PWT/NCGR Financials","Disbursed_From_Allocation_2024","Disbursed_From_Allocation_2024","","متوفر","سري","المنصرف من اعتمادات 2024"
"PWT/NCGR Financials","Remaining_Allocation_2024","Remaining_Allocation_2024","","متوفر","سري","المتبقي من اعتمادات 2024"
"PWT/NCGR Financials","Transferable_Liquidity_2024","Transferable_Liquidity_2024","","متوفر","سري","السيولة المتاحة للنقل 2024"
"PWT/NCGR Financials","Jan_2024","Jan_2024","","متوفر","سري","منصرف يناير 2024"
"PWT/NCGR Financials","Feb_2024","Feb_2024","","متوفر","سري","منصرف فبراير 2024"
"PWT/NCGR Financials","Mar_2024","Mar_2024","","متوفر","سري","منصرف مارس 2024"
"PWT/NCGR Financials","Apr_2024","Apr_2024","","متوفر","سري","منصرف أبريل 2024"
"PWT/NCGR Financials","May_2024","May_2024","","متوفر","سري","منصرف مايو 2024"
"PWT/NCGR Financials","Jun_2024","Jun_2024","","متوفر","سري","منصرف يونيو 2024"
"PWT/NCGR Financials","Jul_2024","Jul_2024","","متوفر","سري","منصرف يوليو 2024"
"PWT/NCGR Financials","Aug_2024","Aug_2024","","متوفر","سري","منصرف أغسطس 2024"
"PWT/NCGR Financials","Sep_2024","Sep_2024","","متوفر","سري","منصرف سبتمبر 2024"
"PWT/NCGR Financials","Oct_2024","Oct_2024","","متوفر","سري","منصرف أكتوبر 2024"
"PWT/NCGR Financials","Nov_2024","Nov_2024","","متوفر","سري","منصرف نوفمبر 2024"
"PWT/NCGR Financials","Dec_2024","Dec_2024","","متوفر","سري","منصرف ديسمبر 2024"
"PWT/NCGR Financials","SST_Status","SST_Status","","متوفر","داخلي","حالة المبادرة حسب SST"
"PWT/NCGR Financials","Program_Execution_Plan","Program_Execution_Plan","","متوفر","عام","خطة تنفيذ البرنامج"
"PWT/NCGR Financials","Detailed_State","Detailed_State","","متوفر","داخلي","الحالة التفصيلية"
"PWT/NCGR Financials","Funding_Status_Last_Minutes","Funding_Status_Last_Minutes","","متوفر","سري","حالة التمويل آخر محضر"
"PWT/NCGR Financials","Free_Costs","Free_Costs","","متوفر","سري","التكاليف الحرة"
"PWT/NCGR Financials","Total_Costs_2020_2027","Total_Costs_2020_2027","","متوفر","سري","التكاليف الإجمالية 2020-2027"
"PWT/NCGR Financials","Approved_Costs_2020_2027","Approved_Costs_2020_2027","","متوفر","سري","التكاليف المعتمدة 2020-2027"
"PWT/NCGR Financials","Total_Contracted_2020_2027","Total_Contracted_2020_2027","","متوفر","سري","إجمالي المتعاقد 2020-2027"
"PWT/NCGR Financials","Disbursed_From_Contracts_2020_2027","Disbursed_From_Contracts_2020_2027","","متوفر","سري","المنصرف من العقود 2020-2027"
"PWT/NCGR Financials","Remaining_Contracts_Not_Disbursed_2020_2027","Remaining_Contracts_Not_Disbursed_2020_2027","","متوفر","سري","المتبقي من العقود 2020-2027"
"PWT/NCGR Financials","Disbursed_Off_Contracts_2020_2027","Disbursed_Off_Contracts_2020_2027","","متوفر","سري","المنصرف خارج العقود 2020-2027"
"PWT/NCGR Financials","Total_Contracted_Incl_Off_2020_2027","Total_Contracted_Incl_Off_2020_2027","","متوفر","سري","شامل خارج العقود 2020-2027"
"PWT/NCGR Financials","Total_Disbursement_2020_2027","Total_Disbursement_2020_2027","","متوفر","سري","إجمالي المنصرف 2020-2027"
"PWT/NCGR Financials","Jan_2025","Jan_2025","","متوفر","سري","منصرف يناير 2025"
"PWT/NCGR Financials","Feb_2025","Feb_2025","","متوفر","سري","منصرف فبراير 2025"
"PWT/NCGR Financials","Mar_2025","Mar_2025","","متوفر","سري","منصرف مارس 2025"
"PWT/NCGR Financials","Apr_2025","Apr_2025","","متوفر","سري","منصرف أبريل 2025"
"PWT/NCGR Financials","May_2025","May_2025","","متوفر","سري","منصرف مايو 2025"
"PWT/NCGR Financials","Jun_2025","Jun_2025","","متوفر","سري","منصرف يونيو 2025"
"PWT/NCGR Financials","Jul_2025","Jul_2025","","متوفر","سري","منصرف يوليو 2025"
"PWT/NCGR Financials","Aug_2025","Aug_2025","","متوفر","سري","منصرف أغسطس 2025"
"PWT/NCGR Financials","Sep_2025","Sep_2025","","متوفر","سري","منصرف سبتمبر 2025"
"PWT/NCGR Financials","Oct_2025","Oct_2025","","متوفر","سري","منصرف أكتوبر 2025"
"PWT/NCGR Financials","Nov_2025","Nov_2025","","متوفر","سري","منصرف نوفمبر 2025"
"PWT/NCGR Financials","Dec_2025","Dec_2025","","متوفر","سري","منصرف ديسمبر 2025"
"PWT/NCGR Financials","Spent_2016","Spent_2016","","متوفر","سري","منصرف 2016"
"PWT/NCGR Financials","Spent_2017","Spent_2017","","متوفر","سري","منصرف 2017"
"PWT/NCGR Financials","Spent_2018","Spent_2018","","متوفر","سري","منصرف 2018"
"PWT/NCGR Financials","Spent_2019","Spent_2019","","متوفر","سري","منصرف 2019"
"PWT/NCGR Financials","Spent_2020","Spent_2020","","متوفر","سري","منصرف 2020"
"PWT/NCGR Financials","Spent_2021","Spent_2021","","متوفر","سري","منصرف 2021"
"PWT/NCGR Financials","Spent_2022","Spent_2022","","متوفر","سري","منصرف 2022"
"PWT/NCGR Financials","Spent_2023","Spent_2023","","متوفر","سري","منصرف 2023"
"PWT/NCGR Financials","Spent_2024","Spent_2024","","متوفر","سري","منصرف 2024"
"PWT/NCGR Financials","Spent_2025","Spent_2025","","متوفر","سري","منصرف 2025"
"PWT/NCGR Financials","Disbursed_Until_End_2019","Disbursed_Until_End_2019","","متوفر","سري","المنصرف حتى نهاية 2019"
"PWT/NCGR Financials","Annual_Allocation_2025","Annual_Allocation_2025","","متوفر","سري","اعتمادات العام 2025"
"PWT/NCGR Financials","Disbursed_From_Allocation_2025","Disbursed_From_Allocation_2025","","متوفر","سري","المنصرف من اعتمادات 2025"
"PWT/NCGR Financials","Remaining_Allocation_2025","Remaining_Allocation_2025","","متوفر","سري","المتبقي من اعتمادات 2025"
"ملخص البيانات","المصدر","Source","عدد الحقول","","",""
"ملخص البيانات","ADAA - مؤشرات الأداء (KPIs)","ADAA - Performance Indicators (KPIs)","99","","","جميع الحقول مفصلة"
"ملخص البيانات","ADAA - المبادرات (Initiatives)","ADAA - Initiatives","47","","","جميع الحقول مفصلة"
"ملخص البيانات","ADAA - المخرجات (Outputs)","ADAA - Outputs","25","","","جميع الحقول مفصلة"
"ملخص البيانات","ADAA - المعالم (Milestones)","ADAA - Milestones","21","","","جميع الحقول مفصلة"
"ملخص البيانات","PWT/NCGR - البيانات المالية","PWT/NCGR - Financial Data","84","","","جميع الحقول مفصلة"
"ملخص البيانات","البيانات النوعية (Qualitative)","Qualitative Data","41","","","5 تبويبات (ملخص تنفيذي، إنجازات، مخاطر، تخفيف، طلبات دعم)"
"ملخص البيانات","إجمالي الحقول","Total Fields","317","","","جميع الحقول مطلوبة للتكامل"
"معلومات التكامل","المفتاح الرئيسي","Primary Key","INIV_CODE","","","يربط جميع البيانات عبر المصادر"
"معلومات التكامل","مفتاح الفترة","Period Key","period_key","","","مُشتق من REPORTINGYEAR/REPORTING_PERIOD"
"معلومات التكامل","حقول التتبع","Tracking Fields","source_filename, source_sheet, extracted_at, job_id","","","لتتبع مصدر وتاريخ البيانات"
"معلومات التكامل","قواعد الجودة","Quality Rules","التواريخ (Start≤End)، النسب (0-100%)، القيم المالية (≥0)، الوحدات","","","التحقق التلقائي"
"معلومات التكامل","صيغ التصدير","Export Formats","Excel متعدد التبويبات، CSV، JSON","","","حسب متطلبات VDP"
"معلومات التكامل","دورة التحديث","Update Cycle","شهري للمالية، ربعي للمؤشرات","","","حسب نوع البيانات"
"معلومات التكامل","حجم البيانات المتوقع","Expected Data Volume","~50,000 سجل/شهر","","","تقديري"
"معلومات التكامل","بروتوكول التكامل","Integration Protocol","RESTful APIs عبر GSN","","","JSON Format"
"معلومات التكامل","الأمان","Security","OAuth2، تشفير SSL/TLS","","","حماية البيانات الحساسة"
"تعهد حماية البيانات","الالتزام بالمبادئ والضوابط","Data Protection Compliance","ملتزم","","","الالتزام بضوابط مكتب إدارة البيانات الوطنية والهيئة الوطنية للأمن السيبراني"
"تعهد حماية البيانات","تخزين البيانات","Data Storage","داخل المملكة العربية السعودية","","","الالتزام بتخزين ومعالجة البيانات داخل الحدود الجغرافية للمملكة"
"تعهد حماية البيانات","سرية البيانات","Data Confidentiality","مضمون","","","المحافظة على سرية وسلامة وخصوصية البيانات"
"تعهد حماية البيانات","الوصول للبيانات","Data Access","محدود","","","الحد الأدنى من العاملين الذين تتطلب طبيعة عملهم ذلك"
"تعهد حماية البيانات","إشعار الحوادث","Incident Notification","خلال 72 ساعة","","","الالتزام بإشعار مكتب الإدارة الاستراتيجية فور وقوع أي حادثة أمنية"
"تعهد حماية البيانات","إتلاف البيانات","Data Disposal","فور انتهاء الغرض","","","الاتلاف الفعلي أو الفني بصورة تجعل البيانات غير قابلة للاستراجع"
"تعهد حماية البيانات","الضوابط الأمنية","Security Controls","مطبقة","","","تطبيق الضوابط الأمنية المناسبة لحماية البيانات"
"تعهد الجهة الطالبة","اسم ممثل الجهة","Representative Name","هتون العليمي","","","توقيع ممثل الجهة الطالبة"
"تعهد الجهة الطالبة","التاريخ","Date","2024-12-15","","","تاريخ تقديم الطلب"
"تعهد الجهة الطالبة","التوقيع","Signature","[توقيع إلكتروني]","","","توقيع ممثل الجهة"
"تعهد الجهة الطالبة","اسم مدير مكتب البيانات","Data Office Manager","د. محمد الأحمد","","","مدير مكتب إدارة البيانات في الجهة"
"تعهد الجهة الطالبة","التاريخ - مدير البيانات","Date - Data Manager","2024-12-15","","","تاريخ موافقة مدير البيانات"
"تعهد الجهة الطالبة","التوقيع - مدير البيانات","Signature - Data Manager","[توقيع إلكتروني]","","","توقيع مدير البيانات"
"موافقة مكتب الإدارة الاستراتيجية","ممثل الإدارة","Department Representative","أحمد السالم","","","ممثل إدارة الأداء"
"موافقة مكتب الإدارة الاستراتيجية","حالة الموافقة","Approval Status","موافق","","","موافقة على طلب مشاركة البيانات"
"موافقة مكتب الإدارة الاستراتيجية","التاريخ","Approval Date","2024-12-20","","","تاريخ الموافقة"
"موافقة مكتب الإدارة الاستراتيجية","ملاحظات","Approval Notes","تمت الموافقة بناءً على أهمية التكامل لدعم رؤية 2030","","","ملاحظات الموافقة"
"موافقة مكتب الإدارة الاستراتيجية","التوقيع","Approval Signature","[توقيع إلكتروني]","","","توقيع ممثل الإدارة"
"تأييد قسم حوكمة البيانات","المدير التنفيذي","Executive Director","م. عبدالله القحطاني","","","المدير التنفيذي لقسم حوكمة البيانات"
"تأييد قسم حوكمة البيانات","التاريخ","Endorsement Date","2024-12-22","","","تاريخ التأييد"
"تأييد قسم حوكمة البيانات","التوقيع","Endorsement Signature","[توقيع إلكتروني]","","","توقيع المدير التنفيذي"
"حالة الطلب","الحالة النهائية","Final Status","معتمد","","","الطلب معتمد وجاهز للتنفيذ"
"حالة الطلب","تاريخ بدء التكامل","Integration Start Date","2025-01-01","","","التاريخ المتوقع لبدء التكامل"
"حالة الطلب","رقم المرجع","Reference Number","DSR-2024-SMO-001","","","رقم مرجع طلب مشاركة البيانات"
